firstname;lastname;email;company;framenumber;product
Brian;Cummings;cras@example.edu;Proin Dolor Corp.;QFC73TSU4LW;Bike
Athena;Shepherd;tempus@example.edu;Lorem Semper Industries;DZD52BKS5VQ;E-Bike
Cally;Hale;sapien.cursus@example.edu;Mattis Semper Incorporated;ETW30SGB1OS;E-Bike
Kaitlin;Snow;lorem.luctus.ut@example.edu;A Arcu LLP;RBJ96NSW3MS;Bike
Halla;Thompson;fringilla.donec@example.org;Ante Bibendum Industries;AQL74RBK1TY;E-Bike
Nora;Knowles;tincidunt.vehicula@example.org;Ornare Facilisis Corporation;GII55NQN7NB;E-Bike
Tatum;Ford;ultrices.duis@example.edu;Nec Tellus Nunc LLP;TLG33NOS7WU;E-BikePlus
Laith;Duran;luctus@example.org;Amet Faucibus Industries;PAV96UBA1BK;Bike
Edward;Cline;imperdiet.ornare@example.net;Sed Malesuada Industries;GBL73TUB6WO;Bike
Benedict;Ayers;non.egestas.a@example.org;Imperdiet Ullamcorper Incorporated;RHX82MWC6DW;BikePlus
Susan;Best;felis@example.net;Convallis Dolor PC;WWG65ESG5PY;E-BikePlus
Elizabeth;Valentine;elementum.sem@example.net;Quisque Porttitor Limited;VMK47LLU2GO;E-Bike
Camille;Dickson;vivamus.rhoncus@example.org;Tincidunt Ltd;ARC52BNY4ZW;BikePlus
Branden;Campbell;nulla.in.tincidunt@example.net;Etiam LLC;QPL50XJD4ET;E-BikePlus
Nelle;Melendez;nascetur.ridiculus@example.org;Interdum Sed Inc.;GXZ64NBF7OY;Bike
Leonard;Ryan;felis.purus@example.net;Fermentum Inc.;MBW42JDI8HB;E-Bike
Carolyn;Howell;aliquam.auctor.velit@example.org;Proin Velit Sed Corporation;JQP17JHU5HB;E-BikePlus
Jakeem;Hurst;dictum.sapien@example.com;Etiam Bibendum Fermentum Associates;KXY83URY8LN;E-Bike
Colin;O'Neill;nec.ante@example.org;Aliquam Rutrum LLP;NEE43REE8MF;Bike
Nichole;Gentry;a.ultricies@example.org;Non Enim Inc.;IQN16MIY0BG;E-BikePlus
Addison;Simmons;justo.nec.ante@example.edu;Erat Volutpat Nulla Inc.;QPN87XCT8QL;Bike
Madeline;Pickett;ac.nulla.in@example.org;A Inc.;YCT52DCD3YJ;E-Bike
Flynn;Lott;amet.faucibus@example.edu;Nulla Eget Associates;OAS05CUQ9PC;Bike
Raven;Owens;et.risus@example.edu;Vehicula Associates;MHV43MKW2NF;Bike
Lucas;Gates;diam@example.net;Turpis Nec Mauris LLP;BGW57BNY0DF;E-Bike
Hayley;Chapman;sapien.imperdiet@example.edu;In PC;MFN38FAR8MN;E-BikePlus
Kermit;Hamilton;sed.diam@example.edu;Enim Diam LLC;ZNS29QCY2TJ;E-Bike
Camille;Fitzpatrick;libero.morbi@example.net;Rutrum Justo Corporation;FNB71YQS3BT;E-BikePlus
Vladimir;Gillespie;ut.dolor.dapibus@example.com;Adipiscing Enim LLC;ABK42GID8UH;E-Bike
Lillith;Gill;mauris.nulla@example.com;Ante Ipsum LLC;LEH50QLN3NJ;Bike
Adele;Berger;dui@example.edu;Suspendisse Ac Institute;CZN72EIK4HB;E-BikePlus
Dieter;Bridges;convallis.est.vitae@example.org;Ullamcorper Nisl Arcu Institute;ZAF84BRK7MU;E-Bike
Hillary;Key;tempor.lorem@example.edu;Integer Id Inc.;OPP37HAR2JD;BikePlus
Chantale;Wilson;ligula@example.net;Mauris Ut Inc.;LCI67YVK2BY;Bike
Caesar;Stevens;dui@example.edu;Mi Pede Corp.;OZG50MOU1EQ;E-Bike
Dalton;Sellers;magna.nam.ligula@example.net;Neque Limited;AJD71EYD9WG;BikePlus
Avram;Keith;auctor.quis.tristique@example.org;Sit Industries;PLF57TGF4UT;Bike
Chaney;Simpson;massa@example.net;Laoreet Posuere PC;KWL76YIJ8JX;E-BikePlus
Sigourney;Navarro;lobortis.quam@example.org;Tellus Non Magna PC;LYU94AZN8RL;E-Bike
Blake;Dyer;eget.volutpat@example.edu;Orci Inc.;UEM78EYZ7ZH;E-Bike
Justine;Reilly;egestas@example.org;Dolor Company;SYZ37VCW8HF;Bike
Fiona;Kemp;ac.libero.nec@example.org;Proin Nisl Associates;SXV47PTW8CD;E-BikePlus
Doris;Dotson;vel@example.edu;Tristique Ac Inc.;RCD38JWI3TJ;Bike
Mark;Gordon;dolor.dolor@example.org;Aliquam Nisl Nulla Foundation;HHI59NMH0BN;E-BikePlus
Justina;Hamilton;nec.urna@example.net;Aenean Gravida Nunc Consulting;NXZ58BYO8UN;E-BikePlus
Sydney;Sanders;dolor.elit.pellentesque@example.edu;Vel Vulputate Corporation;EUL39LAJ2UH;E-Bike
Darius;Pace;nec.leo.morbi@example.com;Lectus Pede Ultrices LLP;FYY36KNF3CW;BikePlus
Rhonda;Armstrong;dolor.donec@example.org;Interdum Ligula LLP;OGM73PRS8XC;E-Bike
Christine;Lambert;nibh@example.edu;Cursus LLP;WNI57GYY7LR;E-BikePlus
Summer;Evans;pede.ac@example.edu;Lobortis Ultrices LLC;XTK96SOG6DR;BikePlus
Basil;Burgess;ut.tincidunt@example.net;Amet Orci Foundation;ISN54EMF7TD;Bike
Chancellor;Boone;malesuada.integer.id@example.com;Ac Mattis Semper Incorporated;XYT34MXI4TQ;Bike
Georgia;Flynn;libero.et@example.net;Sapien LLC;CKA54CLP5RW;BikePlus
Heidi;Blake;eleifend@example.net;Elementum Corp.;KTN83QZO0BF;E-Bike
Jameson;Acevedo;ac.feugiat.non@example.net;Egestas Ligula Industries;QDT51MSZ5VT;E-BikePlus
Willow;Guzman;arcu@example.edu;Hendrerit Neque Incorporated;DAT91EJF7WQ;E-Bike
Chester;Russo;nascetur@example.net;Libero Mauris Limited;KUF08ZLB0DL;E-Bike
Erich;Woodard;dictum@example.com;Diam Proin Dolor Inc.;REP78BOG2GV;BikePlus
Yvette;Vincent;dolor.nonummy@example.org;Enim Gravida Ltd;KXV30HAI5NR;Bike
Charlotte;Cherry;neque.nullam@example.net;Magna Phasellus Consulting;RNT76VCT8HV;E-BikePlus
Jeanette;Bird;mauris.id.sapien@example.com;Et Magnis Dis Foundation;IKW72WLW3TE;Bike
Zoe;Barry;lorem.luctus@example.com;Enim Incorporated;DEB05LUY5BV;Bike
Shaine;Powers;neque@example.com;Mattis Integer Incorporated;BXZ68VGC4FL;E-Bike
Jamal;Conley;convallis@example.edu;Varius Orci In PC;TEA23QIJ6OI;E-Bike
Lacota;Barber;vitae.sodales.nisi@example.edu;Sed Pede Nec Industries;IPE28ZWR2BF;E-Bike
Lyle;Reid;nec.imperdiet@example.net;Magna Corp.;RGL16NHF4KW;E-Bike
Joseph;Maynard;enim@example.com;Magna Duis Institute;DXZ96JNT3HE;E-Bike
Zena;Robles;tempus@example.com;Dolor Fusce Inc.;MKU37SPV6YV;E-BikePlus
Fredericka;Marks;lectus.ante@example.org;Vivamus LLC;WDT86TVX5IV;E-Bike
Isaac;Guerrero;tempor@example.org;Per Inceptos Ltd;FVL11VJB6ZD;BikePlus
Acton;Salinas;blandit.viverra@example.org;Facilisis Lorem Limited;EHG86QJL2IT;E-Bike
Cameron;Knight;arcu.eu.odio@example.net;Vulputate Incorporated;YSM54BND6DM;E-Bike
Iliana;Hawkins;nulla.vulputate@example.edu;Velit In LLP;BCQ88OID9JW;E-Bike
Garth;Gilbert;suspendisse.ac@example.net;Nascetur Ridiculus Mus Corporation;BUC28LUU6YN;E-BikePlus
Adara;Noble;enim.condimentum@example.org;Mi Eleifend PC;GKV07RON3XW;E-Bike
Holly;Head;sed.consequat.auctor@example.net;Netus Ltd;PIN58UQK1PM;E-Bike
Tatum;Nicholson;et.libero@example.com;Nec LLC;PWB43MDL1DI;E-Bike
Felix;Holman;nulla.in.tincidunt@example.com;In Lorem Industries;RRE65VUO4SR;Bike
Kennan;Snider;et@example.edu;Sollicitudin A Malesuada Foundation;NYU82OYL6XA;BikePlus
Alisa;Hickman;vitae.erat@example.com;Mauris Molestie Pharetra Foundation;NBT24DLD1RD;Bike
Nathan;Calderon;ipsum.dolor@example.com;Arcu Institute;VIC93IKM8XV;E-BikePlus
Timon;Sanford;mauris.nulla.integer@example.com;Ornare Elit Institute;LEF82SKI3BS;Bike
Garrett;Lee;erat@example.net;In At Pede Inc.;EVJ97PCO1ZB;Bike
Lara;Shelton;arcu.sed@example.org;Lacinia At Iaculis Associates;CMO17UBZ7SW;E-Bike
Matthew;Romero;eu.eros@example.net;Congue Turpis Industries;QAS32CTX8XU;Bike
Juliet;Wall;facilisis.facilisis@example.net;Placerat Velit Associates;AHW19DDH8TO;E-Bike
Lysandra;Fowler;semper.tellus@example.net;Lobortis Augue Corp.;LDY16JAE2PE;E-Bike
Brady;Crosby;aenean.euismod.mauris@example.org;Ornare In Industries;SHK51YBS3SH;Bike
Phyllis;Norton;enim.suspendisse@example.net;Non Sollicitudin Industries;PAD16DPR4GX;BikePlus
Maris;Peck;suspendisse.eleifend@example.net;Sem Nulla Incorporated;CKV72LHH4RW;Bike
Reuben;Olsen;donec.felis.orci@example.net;Nulla PC;KWM65XQP5QB;E-Bike
Priscilla;Johnson;tellus.justo@example.net;Molestie Pharetra Consulting;LWK15XWE8VD;E-Bike
Gregory;Bright;felis.donec@example.com;Quis Urna Consulting;MSB67QER1HL;E-Bike
Gregory;Elliott;faucibus@example.edu;Vitae Company;YHQ28CVL3CR;BikePlus
Lani;Hancock;in.cursus@example.com;Tellus Non Magna Corporation;CJL31IYK7WQ;E-BikePlus
Ferdinand;Rivers;dictum@example.edu;Elit Limited;VVQ64OBF4UL;BikePlus
Nyssa;Delacruz;erat.vel@example.edu;Eu Odio Ltd;FYM56WEB3HY;E-Bike
Philip;Dixon;nisi@example.net;Neque Et Nunc Incorporated;MKP08FHP3LR;E-Bike
Sylvester;Burt;lobortis@example.net;Mi Felis Adipiscing PC;FCB26DVO8FK;E-BikePlus
Anthony;Parker;enim.diam.vel@example.org;Auctor Velit Inc.;UDA81TQF1VK;Bike
Jin;Bailey;vel.faucibus@example.org;Sem Consequat Nec Inc.;UOR80FHB4TB;E-Bike
Gabriel;Weaver;mattis.ornare@example.net;Magna Corporation;IVQ77RET4HD;E-BikePlus
Morgan;Phillips;nonummy.ultricies@example.com;Aliquet Magna A PC;DPZ26PGX9DE;E-Bike
Rooney;Flynn;morbi@example.com;Nascetur Ridiculus LLP;HST25XQC1ZA;E-Bike
Keane;Osborne;mauris.ut@example.edu;Sit Amet Associates;UTM19ORO8IQ;Bike
Steel;Mcmillan;augue.porttitor@example.net;Ornare Egestas LLP;VGW77WFU3XC;Bike
Camilla;Sanders;id.nunc.interdum@example.org;Non Dapibus Industries;YUB21FXJ3JP;E-Bike
Ima;Leon;mauris@example.com;Ullamcorper Inc.;KKL72KNR2RP;BikePlus
Lance;Guzman;sociis.natoque@example.org;Risus Varius PC;IYW56IJT6AB;E-Bike
Jakeem;Stein;dolor.elit@example.org;Nec LLP;JHM18UOA6HI;Bike
Georgia;Hess;ipsum.sodales.purus@example.org;Eu Eros Institute;SUY82YQS8VI;E-Bike
Yoshio;Myers;feugiat.nec.diam@example.org;Id Sapien PC;MCQ62HII3EC;BikePlus
Raymond;Cummings;dolor.sit@example.org;Eu Augue Inc.;YBG84LJI6RC;E-Bike
Cooper;Sullivan;non.cursus.non@example.com;Nonummy Fusce Corp.;HOH42OJQ6XC;BikePlus
Cole;Giles;pellentesque.a.facilisis@example.net;Ac Mattis LLC;NDY68OQS4PO;E-Bike
Jeanette;Wilcox;dolor@example.org;Feugiat Associates;VQJ95MHK9TW;E-Bike
Lucian;Wynn;tempus.non@example.net;Eleifend PC;KIL64NYN1RF;Bike
Hedda;Day;cras@example.edu;Turpis Corporation;JLP21CUD2IX;E-BikePlus
Aristotle;Moore;purus.ac@example.com;Neque Nullam Nisl Company;NXO15PKN8JJ;E-Bike
Alexa;Sweeney;ridiculus.mus@example.edu;Facilisis Non Inc.;UDO29RSI2AF;Bike
Anika;Church;arcu@example.org;Sapien Aenean Limited;UZY27CUI4MY;BikePlus
Ferris;Miles;aliquet.proin.velit@example.org;At Pretium LLC;FIE64QIG2KC;E-Bike
Edan;Mathews;lectus@example.com;Ac Corporation;VLT04MIZ6QH;Bike
Dante;Neal;nulla@example.com;Egestas Hendrerit Corp.;OZS09DXE0NJ;Bike
Dora;Lawson;nulla.semper@example.org;Iaculis Odio Corp.;XHN19QSU8LC;E-BikePlus
Paula;Padilla;ut@example.com;Suspendisse Commodo Associates;SMP28PXW1KI;E-BikePlus
Frances;Mccarty;pellentesque@example.org;Vestibulum Associates;KIL35JRJ3RV;BikePlus
Joshua;Mclean;phasellus.nulla.integer@example.net;Praesent Incorporated;KVI88XAE9PV;Bike
Reagan;Villarreal;magna@example.edu;Fringilla Foundation;ILM86XWB4QK;E-BikePlus
Hasad;Harrell;quisque.varius@example.edu;Malesuada Vel Corp.;OXC29VGO2SU;E-BikePlus
Wendy;Pate;senectus.et@example.com;Sit Amet Consectetuer Industries;EDO14JPT1GN;Bike
Sonya;Larson;maecenas@example.org;Nibh Industries;DSE23IVX4IT;Bike
Ian;Lane;condimentum.donec.at@example.org;Tempor Diam Incorporated;NWE94PPT7YF;E-BikePlus
Lyle;Farrell;amet@example.com;Ut LLP;VSY38THU2UN;E-BikePlus
Vincent;Luna;erat.in@example.edu;Tristique Pharetra Quisque LLP;QQY53VLX1WC;E-Bike
Beatrice;Knox;non@example.edu;Enim Condimentum Eget Corp.;JVR32HMQ0GH;Bike
Cynthia;Mejia;ac.feugiat@example.com;Porttitor Tellus Non Inc.;XJT57KNM6JU;BikePlus
Quail;Coffey;libero.donec.consectetuer@example.net;Leo Company;HLY54UMX5FG;Bike
Burton;Jacobs;sit@example.org;Sed PC;SJD25DHB4HN;E-Bike
William;Stuart;rutrum.lorem@example.com;Sapien Nunc Pulvinar Foundation;FEX66ZVD8DV;Bike
Denton;Duran;et.malesuada@example.edu;Mauris Id Company;KJC72IDD3NX;BikePlus
Kane;Reid;vel.arcu@example.org;Elit Corporation;KNU60NXQ5JJ;Bike
Dolan;Mathews;eu@example.org;Nullam Vitae Diam Company;CRY31MKY5KP;E-Bike
Xanthus;Nolan;interdum.ligula@example.com;Purus LLP;NLH41FOX7HI;E-BikePlus
Camden;Reed;est.vitae.sodales@example.net;Lacinia At Iaculis PC;QNB25FOP3EW;Bike
Camille;Ramsey;suspendisse.eleifend.cras@example.edu;Praesent Eu Nulla Ltd;DMH68AHX8BP;Bike
Barclay;Fuentes;orci@example.org;Nulla Corp.;ENF42NJA6XJ;E-Bike
Jermaine;Haney;morbi.metus@example.net;Egestas Urna Limited;UWF13BKV3PY;E-BikePlus
Thomas;Golden;dui@example.org;Ut Lacus Consulting;UWY68LNC2GD;Bike
September;Greene;ac.feugiat@example.edu;Feugiat Institute;KKU62MCK5YW;E-Bike
Kieran;Baker;vitae.erat@example.edu;Sem Eget LLP;RRJ88KGJ7KD;Bike
Murphy;Schroeder;blandit.congue.in@example.com;Ipsum Dolor Sit Incorporated;BHK58TTK7HM;BikePlus
Hedda;Key;elementum.at.egestas@example.net;Luctus Lobortis Class LLP;VUB41WRG4VI;E-BikePlus
Rina;Stokes;faucibus.morbi@example.edu;Dolor LLC;NKY38YZQ5YJ;Bike
Olga;Baird;neque.sed@example.net;Lorem Ipsum Dolor Foundation;DEN88KOG8JJ;E-BikePlus
Harrison;Atkins;accumsan.interdum@example.edu;Ut Cursus Luctus Ltd;XLI58ZIF2MF;E-BikePlus
Dara;Pennington;nunc.interdum.feugiat@example.edu;Curabitur Ut Odio Incorporated;BNW61GYQ3OD;E-Bike
Nigel;Clark;quam.dignissim@example.org;Mollis Phasellus Corporation;VIQ51DCU4UQ;Bike
Maggy;Smith;nulla@example.com;Fusce Limited;CDR96YML2XU;E-BikePlus
Scarlet;Robles;dolor.fusce@example.net;Adipiscing Enim Company;CBU58EPU4XJ;Bike
Derek;Talley;pretium.aliquet@example.org;Sit Amet Foundation;QEX75VLE6RG;BikePlus
Hasad;Buckley;nec.tempus@example.com;Adipiscing Enim Industries;UZG63QBM2QH;Bike
Keane;Navarro;accumsan.neque.et@example.com;Odio A Corporation;SLV70GTN4HU;BikePlus
Elliott;Hull;dolor@example.org;In Ornare Industries;IMC48SUR1HJ;Bike
Elaine;Espinoza;arcu.vel@example.com;Venenatis Lacus LLC;ISL98KYN4ID;E-BikePlus
Jeremy;Vincent;praesent.eu@example.org;Sit Amet Inc.;USB47KJX5QP;BikePlus
Wyoming;Raymond;lacinia.vitae@example.org;Mauris Blandit Industries;AYA32UHZ4DW;E-BikePlus
Adrienne;Riggs;eu.enim.etiam@example.net;Tempor Est Company;NXB32HCZ3GR;E-BikePlus
Xander;Zamora;a@example.com;Sem Corp.;WKC41ZHW0KS;BikePlus
Christen;Hayes;massa.mauris@example.edu;Scelerisque Industries;VIT37LUP8HL;E-Bike
Thaddeus;Farley;scelerisque.lorem@example.org;Lorem Auctor PC;EUN95VSQ1RN;E-BikePlus
Zeph;Rocha;ut.quam@example.org;Ullamcorper Velit In Foundation;IWQ46QRV7AU;BikePlus
Carla;Williams;quis.pede@example.net;Suspendisse Non Leo Corporation;FNG74AKF7LJ;BikePlus
Ralph;Hopper;quis@example.org;At Incorporated;OBU29HLP5PC;E-BikePlus
Kaye;Schroeder;donec.luctus@example.edu;Vitae Diam Inc.;GXU47MRO6EM;Bike
Moses;Leon;accumsan.sed@example.org;Ipsum Non Corporation;EAC38EDB4YW;E-Bike
Sybil;Stone;ac.orci@example.com;Non Sapien Company;TUJ29OJS1OB;BikePlus
Austin;Taylor;mauris.eu@example.net;Risus A Ultricies Ltd;JDJ81OFM5KO;E-BikePlus
Kuame;Garrison;mattis@example.org;In Aliquet Lobortis Foundation;JNZ74OBO3FC;E-BikePlus
Lev;Rhodes;malesuada@example.org;Et Associates;ZVI22HEG0YL;E-BikePlus
Elaine;Sanders;etiam.vestibulum@example.edu;Risus Nulla Limited;YIG76FGM5TQ;Bike
Alana;Walton;mi.duis@example.net;Egestas Fusce Institute;KQJ25GHV8TL;Bike
Amanda;Hartman;congue.elit.sed@example.org;Blandit At Associates;QOW64ZBZ8PL;E-Bike
Charlotte;Dean;donec@example.edu;Nec Diam Corp.;VBI47GSS3NA;E-Bike
Darius;Ruiz;praesent.interdum@example.com;Ut Nec Company;KDM68MUF7TY;E-Bike
Zelenia;Johnston;et.magnis@example.net;Nisl Foundation;DQP37DEK9OE;BikePlus
Rajah;Vinson;maecenas.mi.felis@example.com;Accumsan Sed Industries;NFW43NWK5DI;Bike
Palmer;Hodges;erat.vel.pede@example.edu;Mi Pede Ltd;PTC68GXW6RD;Bike
Alexandra;Mcintyre;tincidunt.congue@example.net;Eleifend Limited;RGT53SVQ3SD;BikePlus
Ralph;Lowery;rutrum.eu@example.org;At Limited;XDW64SLG5NQ;BikePlus
Vaughan;Hopkins;ut@example.org;Tristique Institute;YIW65STY2SA;E-Bike
Basia;Oliver;viverra.donec.tempus@example.net;Nunc In At LLC;WTE69KFB0CK;BikePlus
Virginia;Bird;nunc.ullamcorper@example.com;Maecenas Iaculis Aliquet LLC;GHP05RHU0EO;E-BikePlus
Cecilia;Franks;fusce.mollis.duis@example.com;Ac Risus Incorporated;ZWJ46LUC2IT;BikePlus
Reed;Buchanan;arcu.et.pede@example.org;Penatibus Et Incorporated;GHW58IHE4EO;BikePlus
Nehru;Erickson;montes.nascetur.ridiculus@example.edu;Ut Erat Industries;KON24MDH2HE;BikePlus
Hop;Cole;pede.ac.urna@example.edu;Feugiat Lorem Consulting;XEX15GTZ1GD;BikePlus
Keane;Wynn;nec.euismod@example.org;Tincidunt Dui PC;VUQ51KEE3HU;BikePlus
Hedda;Barry;mauris.a@example.org;Ipsum Corp.;BNY46YBJ7PS;Bike
Zorita;Craft;proin@example.com;Rutrum Urna Industries;FPW03DEY2XM;BikePlus
Ahmed;Meyer;montes.nascetur@example.com;Nascetur Ridiculus Industries;TTK52WMA7YG;BikePlus
Shellie;Burns;pellentesque@example.com;Imperdiet Ornare LLC;IXH33UGR6JR;E-BikePlus
Diana;Steele;magna.phasellus.dolor@example.net;Nec Orci Incorporated;LKQ32PGE7QL;E-BikePlus
Xantha;Jensen;odio.phasellus@example.org;Parturient Incorporated;MOG96VQR2AN;BikePlus
Tasha;Barron;odio.phasellus@example.org;Pellentesque Corp.;KOM15XBV7DS;BikePlus
Jenna;Tran;lorem@example.org;Neque Sed Consulting;WKW80OWX6FX;BikePlus
Garrison;Langley;risus@example.edu;Dictum Placerat Augue Industries;BFA15ARW8OT;E-BikePlus
Hedda;Tran;neque.nullam@example.org;Sollicitudin A Malesuada LLC;QLK68YSG4SP;E-Bike
Zahir;Whitehead;et.eros@example.org;Dictum Eu LLC;JVH66CEO3EE;E-BikePlus
Peter;Santiago;a.auctor.non@example.net;Nulla Eget Ltd;ERD42UMP8ES;BikePlus
Noel;Morin;mi.lorem@example.com;Id Libero Ltd;QKW78YYR9YI;BikePlus
Jakeem;Ramirez;arcu.aliquam@example.net;Pede LLP;IYY31HVX8OV;BikePlus
Lynn;Woodard;ullamcorper@example.org;A Scelerisque Institute;HNY85LHO4WF;Bike
Brenna;Rojas;enim.consequat@example.edu;Odio Limited;LDP92DIH2US;E-BikePlus
Reece;O'connor;dolor.sit@example.com;Consequat Incorporated;MYP16YXI1AJ;E-Bike
Camden;Maxwell;enim.condimentum@example.com;Donec Est Nunc LLC;HCF86XCI3GC;BikePlus
Kieran;Oneal;id.blandit@example.net;Lacus Incorporated;ESY45IHL3DM;BikePlus
Harper;Jensen;justo@example.com;Enim Inc.;WHT82JNI0ON;Bike
Eve;Lawson;cras.lorem.lorem@example.org;Hendrerit Consectetuer Ltd;NLU17TCG0CE;Bike
Cameran;Smith;risus.morbi@example.net;Id Mollis Nec Incorporated;TGF36VRD8NX;E-Bike
Orson;Knox;pede.et@example.edu;Magna Tellus Foundation;GQT25AQF4RR;BikePlus
Clare;Allen;neque.tellus@example.org;Vitae Posuere At Corp.;UUY83JUE7DO;BikePlus
Abraham;Compton;sed@example.edu;Vestibulum Massa PC;QTG63FHT5QT;Bike
Montana;Cameron;pede.nunc@example.net;Dolor Fusce Mi Limited;XOH80QGW8WO;E-Bike
Griffin;Hebert;eu@example.com;Eu Odio Tristique PC;RXN84NSQ1QZ;Bike
Carlos;Guerrero;vel.mauris@example.org;Mauris LLC;GRS58NLX3CQ;Bike
Deborah;Knowles;ipsum@example.com;Eget Metus Eu Limited;BCV88BPV4QD;E-Bike
Kylie;David;ridiculus.mus@example.net;Dictum Magna LLC;PFS78MPD5RV;Bike
Levi;Spence;vivamus.rhoncus@example.com;Aliquam Nisl Nulla PC;EXG04MIX7BC;Bike
Acton;Flowers;eu.odio.tristique@example.edu;Est Congue LLP;MWP44XCV1EQ;E-BikePlus
Lucy;Norton;dapibus@example.edu;Mi Lorem Vehicula LLP;QAO07JMO0BW;E-BikePlus
Kane;Mcneil;duis.volutpat@example.com;A Sollicitudin Orci Associates;YQW77QLY6BA;E-BikePlus
Leila;Park;quam.elementum@example.edu;Sit Amet Ultricies Industries;NMW90SUH9JB;Bike
Xavier;Cohen;gravida@example.edu;Et Commodo Associates;QJU73WYZ4TF;BikePlus
Sonya;Pittman;sapien.nunc@example.edu;Et PC;IND14EUC6JI;BikePlus
Brock;Stanton;suspendisse.dui.fusce@example.edu;Ligula Elit Corp.;CRE83XGO7OK;E-Bike
Gareth;Pace;sem@example.org;Nec Enim Company;YRO17HRX5UX;E-Bike
Guy;Merritt;curabitur.consequat.lectus@example.org;Auctor Non Consulting;LZL11XFL3QN;E-BikePlus
Justine;Bentley;tellus.eu@example.org;A Magna Lorem LLC;LLA85QBY1OU;BikePlus
Cleo;Harper;a.arcu@example.net;A Enim Suspendisse Consulting;VLL35ZAD2VS;E-BikePlus
Dylan;Kirby;pede.nunc@example.edu;Semper Pretium Neque PC;KAZ53ORZ0DE;E-Bike
Maggie;Marshall;sociis.natoque.penatibus@example.edu;Eros Limited;OGF51PSR7PV;Bike
Quon;Sosa;nulla.eu@example.net;Donec At Ltd;BVS16GDI3FE;E-Bike
Xaviera;Espinoza;egestas.nunc.sed@example.net;Nec Ltd;JCK16YDX3GT;BikePlus
Armand;Welch;vivamus.sit.amet@example.org;Primis In PC;VBB44FZM7OU;BikePlus
Tamekah;Castillo;fames@example.net;Elementum Ltd;LXI54ICP2JU;E-BikePlus
Christian;Joyner;velit.justo.nec@example.org;Donec Dignissim Consulting;DLF98MOE5VQ;E-Bike
Brody;Battle;ac.ipsum@example.edu;Ipsum Phasellus Company;DFN73FDK3MG;E-BikePlus
Kaseem;Rodgers;a.dui.cras@example.edu;Leo Morbi Industries;SEK37SGM1IB;E-Bike
Armand;Abbott;est.nunc.ullamcorper@example.org;Orci Lacus Industries;SFE23DHZ8HY;E-BikePlus
Anthony;Holloway;lorem@example.com;Ultricies Dignissim Industries;CTO62QYX6SB;BikePlus
Avye;Everett;leo.in@example.edu;Id Nunc Limited;NAR61VDA8QS;Bike
Tatum;Owens;ac@example.net;Eu Euismod Institute;VHF24GVF0JQ;BikePlus
Lana;Reyes;nisi@example.org;Lobortis PC;GRM15BSG0SF;E-BikePlus
Rhiannon;Foley;commodo@example.com;Curabitur Massa Institute;MNQ27GTG0AG;BikePlus
Hayfa;Hooper;suscipit.est.ac@example.org;Nulla Ante Industries;RIO23DUG1ZC;E-Bike
Hayden;Castaneda;dis.parturient@example.com;Praesent Institute;ZZK68HQZ1AM;BikePlus
Candace;Best;ut.sagittis@example.edu;Rhoncus Id Incorporated;JFP24AJR5RD;Bike
Erasmus;Humphrey;facilisi.sed@example.com;Mi Corporation;YXI62TJO4RR;E-Bike
Victoria;Tillman;nibh@example.edu;Augue Inc.;MFW31BHO6TI;E-BikePlus
Ila;Willis;faucibus.morbi@example.edu;Egestas Limited;ODR50CKS5LY;E-Bike
Mikayla;Whitney;enim.sit.amet@example.edu;Orci Adipiscing Limited;GVW48TBN1RJ;E-BikePlus
Hamish;Albert;tristique.pharetra@example.org;Sed Nunc Incorporated;HIE41FXE6NK;E-Bike
Zelenia;Roberson;tincidunt.adipiscing@example.com;Justo Nec LLP;TMU89GNF5DU;Bike
Jerome;Mendoza;aliquam.ultrices.iaculis@example.org;Velit Dui Associates;VVF38WTE8LN;BikePlus
Carlos;Mccarthy;nunc@example.com;Velit Quisque Corporation;IUX81SOF3EJ;BikePlus
Amy;Ferrell;nibh.phasellus@example.org;Sed Dolor Corporation;PLT53FQC8JO;Bike
Preston;Huff;eu.odio@example.net;Adipiscing Mauris LLC;NRC56DTC3YE;BikePlus
Rowan;Cox;nisl.arcu.iaculis@example.org;Cursus Et Eros LLP;VDE93ENE2OV;Bike
Kim;Mcclure;et.netus.et@example.org;A Incorporated;WUS65RZH6UL;E-BikePlus
Ivor;Nixon;cursus.in@example.com;Parturient Montes Nascetur Institute;CTR24ZCO6OJ;E-BikePlus
Edward;Ware;tempor.erat.neque@example.edu;Sed Et Associates;GZC23ESU7AJ;Bike
Riley;Conner;molestie.sed.id@example.org;At Velit Foundation;XFM31PZX1HG;Bike
Tanner;Parker;aliquet.sem@example.org;In Hendrerit Incorporated;WSN66LXD3IM;E-Bike
Adele;Yang;turpis@example.org;Sit PC;PRD82FHG7LM;Bike
Breanna;Cannon;tristique.senectus@example.com;Enim Consulting;VYL73LNO5DG;Bike
Keegan;Patrick;facilisis.facilisis@example.edu;Id Ante Dictum LLC;DZQ89KYF2GD;E-BikePlus
Miranda;Mejia;iaculis.quis@example.org;In Molestie Tortor Foundation;RPC36QYF7QQ;BikePlus
Talon;Short;pellentesque.ut@example.net;Ornare Corporation;GFF20UVS0KY;Bike
Delilah;Cain;nec.imperdiet.nec@example.edu;Maecenas Mi Inc.;BTN59QKS4PK;Bike
Chastity;Foley;molestie.in@example.edu;Non Lobortis Quis Foundation;VUH94LEG9IK;E-Bike
Maxwell;Clarke;blandit.enim.consequat@example.edu;Gravida Praesent Corporation;NED87HJL0BL;E-BikePlus
Amity;Carson;commodo.tincidunt@example.org;Lacus Foundation;EIY08PAD6LO;BikePlus
Aaron;Fowler;ac.metus@example.org;Eu Odio Associates;KOD72GHU8PK;E-Bike
Lavinia;Leach;sed@example.org;Pede Cras Vulputate Associates;JFY18WDU6RN;E-Bike
Ainsley;Hood;in.consectetuer.ipsum@example.org;Vulputate Posuere PC;SEW94SHS3DF;Bike
Zahir;Rasmussen;auctor.velit@example.com;Erat Vivamus Nisi Foundation;WIM56IDK5OL;Bike
Danielle;Tate;sodales.at.velit@example.edu;Feugiat Institute;ZGJ57TWW8ZY;Bike
Kathleen;Bradley;et.magnis.dis@example.net;Mus Aenean PC;TIL70LMQ4FB;E-Bike
Herman;Spencer;ut.erat.sed@example.net;Egestas Aliquam Corp.;MRH48PUR4DV;E-Bike
Leah;Moody;non.egestas.a@example.net;Sed Dolor Fusce Foundation;QVG45HNU5HK;E-Bike
Todd;Bean;molestie@example.org;Aliquam Fringilla Cursus Industries;YBD86EDA3MX;BikePlus
Hasad;Berry;tincidunt.tempus@example.net;Et Nunc PC;KGW65YDD4IL;BikePlus
Samantha;Fox;donec.sollicitudin@example.com;Nullam Lobortis LLP;JIB81XNT3PF;E-BikePlus
Adam;Wilkinson;at.pede@example.edu;Suspendisse Dui LLC;OPW64XQW2QE;E-BikePlus
Prescott;Rios;non.sollicitudin@example.com;Eleifend Corp.;AVU38LPK1TS;BikePlus
Adele;Noel;ut.quam.vel@example.com;Interdum Curabitur Institute;IVP00PFM7QN;BikePlus
Ross;Peters;libero.et.tristique@example.org;Urna Nec Ltd;PHJ74LEO7VI;BikePlus
Portia;Walters;vitae.erat@example.edu;Nisl Arcu Institute;VRF20XNZ1WU;E-BikePlus
Imani;Brennan;nam.interdum@example.com;Ac Associates;JZB72CTO6EA;Bike
Marah;Padilla;tristique.pellentesque@example.org;Justo Industries;BFA12IDM1FF;E-BikePlus
Macey;Howell;elit@example.org;Odio A Corporation;WRC63QFL7ZY;BikePlus
Elaine;O'brien;nulla@example.net;Mollis Non Cursus LLP;DTR58FWM4PL;BikePlus
Basil;Graves;quis.arcu@example.com;Convallis LLP;YUD28SMP2BJ;E-BikePlus
Vladimir;Holloway;sem.eget@example.com;Vitae Velit Corporation;CJU40TLJ1RU;Bike
Macy;Chase;odio.auctor.vitae@example.com;Tellus Faucibus Industries;QZS72NRU3YD;E-Bike
Clark;Herman;feugiat.sed@example.com;A Institute;DRC42DVV8KT;BikePlus
Julie;Weaver;tellus.eu.augue@example.net;Sed LLC;OJW44BKW7UO;BikePlus
Chandler;Gibbs;cras.vulputate@example.org;Sem LLC;NGQ86LEP5FX;E-BikePlus
Randall;Nolan;massa.integer.vitae@example.com;Leo Elementum Sem Ltd;FBJ75GOZ5VB;E-Bike
Tiger;Simmons;libero.at.auctor@example.net;Integer Mollis Consulting;IEH70XEO7WF;Bike
Luke;Henry;sed@example.net;Erat Volutpat Corporation;KHU96XEQ0DG;Bike
Francis;Dunn;vitae@example.com;Ac Inc.;TRN62OCX4HG;E-BikePlus
Risa;Cantu;sed.id@example.net;Nec Foundation;XRU00UZP3AP;E-BikePlus
Meghan;Jordan;in.felis@example.edu;Lacus Ltd;UXW17TIM2FV;E-BikePlus
Cameron;Dejesus;egestas.lacinia.sed@example.com;Vitae LLP;ZXK86NJC8EJ;E-Bike
Plato;Wolf;eu.enim@example.edu;Viverra Inc.;LYH46XTB4DJ;Bike
Elizabeth;Barrett;eleifend@example.edu;Scelerisque Lorem LLC;KKQ79UHG8BV;E-BikePlus
Fay;Riddle;eu@example.com;Nascetur Ridiculus Incorporated;BWJ64FBP5QO;E-BikePlus
Pearl;Pittman;penatibus.et@example.edu;Lacus Pede Sagittis Foundation;XXG74UCN2DU;Bike
Nicole;Durham;mus.proin.vel@example.com;Consequat Inc.;ESD49VQM7GS;BikePlus
Hu;Sweeney;amet.faucibus@example.com;Nulla Tincidunt LLP;ZDL35IMI5DI;E-BikePlus
Hector;Rowland;amet.ante@example.com;Auctor Vitae PC;LKX89YOB8DR;E-Bike
Jemima;Morrow;eget.volutpat.ornare@example.com;Elementum Purus Corp.;WWS12OKL5TC;BikePlus
Cleo;Mcclure;quis.massa@example.com;Nullam Velit Dui LLC;HEG63ROF7SC;E-BikePlus
Boris;Mcintyre;ultricies.sem.magna@example.net;Vitae Odio Sagittis Corporation;KGQ13VRK6YP;Bike
Oleg;Glass;nam.ac.nulla@example.com;Sed Tortor Associates;UVX93LFT9BV;E-BikePlus
Omar;Wilkerson;mattis.semper@example.org;Amet LLP;XGS67PDH6RW;BikePlus
Brenda;Berg;fringilla.donec@example.edu;Duis Elementum Incorporated;NOR60YCY9VC;Bike
Olympia;Ayala;eu@example.edu;Elit Curabitur Sed Industries;IWA25BPH6TQ;E-BikePlus
Austin;Rojas;adipiscing.elit@example.com;Sagittis Associates;DOG17HRH3OD;E-Bike
Burton;Santiago;non.quam@example.edu;Quisque Fringilla Euismod Corporation;LWC05SUE5FP;E-Bike
Hyacinth;Keller;elit.dictum@example.org;A Inc.;PRI47IMR2FX;Bike
Hiroko;Hart;vel@example.edu;Eu Metus In LLP;INV22QKL7RL;Bike
Shea;Oneil;egestas.sed.pharetra@example.org;Nulla In Inc.;RZF71WEM3EP;E-BikePlus
Keane;Richards;tellus.faucibus@example.com;Eget Venenatis A LLC;DPJ49OYM3EM;BikePlus
Ivana;Bartlett;a.tortor@example.net;Phasellus Nulla Limited;HYR71HSI5VR;Bike
Zephr;Haney;suscipit.nonummy@example.org;Fringilla Mi Lacinia Ltd;HUY31XVM6IU;BikePlus
Wing;Vasquez;ut.tincidunt@example.edu;Posuere Vulputate Lacus Ltd;UDZ65GAE6ZM;Bike
Tara;Santiago;dui.quis.accumsan@example.edu;Tempus Eu Ligula Foundation;NIH45VBM3IJ;BikePlus
Grady;Nichols;gravida@example.com;Felis Orci Consulting;GFH78SOE5GM;BikePlus
Charity;Walter;non@example.com;Integer Id Associates;FTG02YTX8GH;E-Bike
William;Rios;velit.quisque@example.org;Sem Institute;BTH07TOT6OR;E-BikePlus
Melanie;Chavez;ultrices@example.edu;Dui Nec Corp.;QCP46WVW6YS;BikePlus
Honorato;Lawrence;eu.dui@example.net;Posuere Cubilia Corporation;PDY13RWA3YG;E-BikePlus
Urielle;Rodriquez;mi@example.org;Augue Corporation;XBW37BPF7OQ;E-BikePlus
Robin;Barton;tempus.scelerisque@example.org;Nulla LLC;VHH53DND8MP;E-Bike
Lane;Lancaster;molestie.sodales.mauris@example.edu;Lacus Quisque Imperdiet Consulting;AUV45SUG4EB;BikePlus
Aristotle;Parrish;sed.facilisis.vitae@example.org;Consectetuer Ltd;BRZ73RKL9LI;Bike
Lillian;Hayden;morbi.accumsan.laoreet@example.edu;Donec Est Ltd;BUZ54NTG4KL;E-BikePlus
Kiona;Bush;consectetuer.cursus@example.org;Et Pede Incorporated;LYX35UGY1VT;E-BikePlus
John;Snyder;quisque@example.com;Primis Ltd;VSO17CFS3HT;BikePlus
Gage;Vega;ornare@example.org;Nulla Eu Incorporated;ZTF40FVF1AA;BikePlus
Lani;Waller;varius@example.com;Arcu Imperdiet LLP;QGO40QKG9LJ;E-Bike
Kiayada;Hale;egestas@example.com;Quis Diam Limited;FLQ10KME3RP;E-BikePlus
Brennan;Irwin;neque.in.ornare@example.edu;Libero Consulting;QMC58UBT3VG;E-BikePlus
James;Skinner;duis.dignissim@example.com;Arcu Aliquam Ultrices Corporation;KSL49XVH7TT;E-Bike
Carol;Cortez;magna.cras@example.org;Parturient Montes Nascetur Corporation;XKV46GYI6PT;Bike
Janna;Sharp;magnis.dis@example.org;Felis Adipiscing Institute;WOF22DXR7WN;BikePlus
Martin;Ware;eu.odio@example.edu;Morbi Tristique Senectus Inc.;SSL89TPL5NY;E-Bike
Hyatt;Delaney;fermentum.risus@example.edu;Neque PC;LQS05QMP9VI;E-Bike
Merrill;Blankenship;aliquet.sem@example.edu;Sagittis Placerat Incorporated;PHR41CLM2TH;E-Bike
Galena;Whitley;inceptos@example.edu;Nullam LLC;IFS71JCP5FZ;BikePlus
Nathaniel;Fitzgerald;lacus.varius@example.edu;Mauris Aliquam Eu Limited;AIX73NCY3NX;BikePlus
Candice;Martin;nec.luctus@example.org;Ultricies Ornare Ltd;UIB43MEJ2RR;Bike
Dalton;Holland;nisl.quisque@example.org;Tristique Pharetra Industries;UAF33JWG1QG;BikePlus
Hope;William;amet.ultricies@example.org;Diam Institute;JIK16BYQ8RR;E-Bike
Rama;Lindsey;sit.amet@example.net;Neque Inc.;BDN50EGE6ZE;E-BikePlus
Jael;Reilly;fringilla.purus.mauris@example.net;Aenean Sed Incorporated;MRP59RSS3XR;Bike
Jasper;Pitts;aliquet.vel@example.edu;In Tincidunt Congue Corp.;WNF17KYD7YT;E-Bike
Abra;Wright;lacus.cras@example.com;Lectus Foundation;YUV21EZF2IX;E-Bike
Matthew;Slater;bibendum.ullamcorper.duis@example.edu;Nec Metus Incorporated;FEA17KDQ1ID;E-Bike
Tiger;Lara;odio.aliquam.vulputate@example.net;Aliquam PC;YBS45TMB5AY;BikePlus
Sylvia;Burks;vel.convallis.in@example.edu;Quis Diam LLP;TJP87LBM6BO;Bike
Justina;Rivas;proin.non@example.com;Proin Eget Corporation;OQX24MDG0XG;Bike
Alma;Carver;elit@example.com;Egestas A Foundation;EOE58GDX8XG;BikePlus
Adam;Mullins;et.eros.proin@example.org;Amet Consectetuer Inc.;SVJ21NJC8QZ;BikePlus
Bruno;Guthrie;neque.sed@example.edu;Fringilla Cursus Limited;EIR74RTH1CT;BikePlus
Adrienne;Holman;id@example.edu;Est Ac Associates;LPS16UYD9RC;BikePlus
Abra;Mckee;id.ante.nunc@example.edu;Arcu Foundation;IOE17OMD3OF;BikePlus
Kato;Wiggins;fusce.mi@example.edu;Bibendum Ullamcorper LLC;EWP31SUX5CF;E-BikePlus
Candace;Burgess;bibendum.sed@example.com;Vitae Erat Industries;OVM58IBW6OS;E-BikePlus
Kaseem;Bond;tempor.bibendum.donec@example.com;Semper Dui PC;YSN37BLH5MY;E-Bike
Reese;Diaz;malesuada.malesuada.integer@example.edu;Bibendum Sed LLP;FYY49HVI0AB;E-Bike
Zachary;Brown;aliquam.eu@example.org;Vulputate Limited;BVL98JRB3SF;E-BikePlus
Savannah;Mueller;dui@example.org;Nec Mauris Incorporated;IWB73THC8ST;Bike
Rigel;Beck;suspendisse.ac@example.edu;Mauris Molestie Associates;DGI83LID3IP;Bike
Ross;Mcdowell;fermentum.arcu@example.com;Donec Corp.;MIT14HIV8XG;BikePlus
MacKenzie;Lyons;pede.suspendisse@example.org;Sed Auctor Odio LLP;HGV73ZRU5CP;E-BikePlus
Grady;Zamora;diam.sed@example.org;Sagittis Felis Donec Corp.;BIV55SQY1CL;E-BikePlus
Nasim;Gonzalez;adipiscing.elit@example.org;Non Dapibus Rutrum Consulting;VNF82WOQ1LL;BikePlus
Risa;Preston;fermentum.fermentum@example.edu;Nec Urna Et PC;GOH26CFP1BT;Bike
Danielle;Koch;mauris.vestibulum.neque@example.com;Dignissim Maecenas Associates;XMT16RKW5PD;BikePlus
Urielle;Burns;aliquam@example.org;Mauris Rhoncus Id Inc.;UXE58RTJ0FV;E-BikePlus
Acton;Pugh;ut.tincidunt@example.org;Varius Ultrices LLC;VVZ31UED1YS;E-BikePlus
Shellie;Burt;magna.phasellus.dolor@example.net;Est Mollis Non LLP;UQG21QKL5MR;E-BikePlus
Madaline;Watson;mollis.lectus@example.edu;Cursus Integer Mollis Associates;MYM77IVX3IQ;E-BikePlus
Harding;Hooper;ac@example.org;Accumsan Interdum LLC;SNO58DYI2II;E-BikePlus
Phelan;Doyle;ullamcorper@example.net;Elit Sed LLP;RVN64LNW6SL;E-Bike
TaShya;Walker;lacus@example.net;Malesuada Ut Institute;VUS23GOR1EU;E-Bike
